{
  "n": 10000,
  "acc_t30": 0.5238,
  "acc_curve_t1_30": [
    0.1,
    0.1,
    0.1,
    0.1755,
    0.2311,
    0.2918,
    0.3553,
    0.4065,
    0.4347,
    0.4524,
    0.4631,
    0.4743,
    0.4793,
    0.4858,
    0.4889,
    0.4932,
    0.4995,
    0.5029,
    0.506,
    0.5082,
    0.5132,
    0.5161,
    0.5167,
    0.5171,
    0.516,
    0.517,
    0.5189,
    0.5208,
    0.5224,
    0.5238
  ],
  "spike_density": {
    "input": 0.4766123578559028,
    "lif1": 0.041253134765625,
    "lif2": 0.03355473470052083
  },
  "e5": {
    "n": 1000,
    "pred_agreement": 0.758,
    "acc_fused": 0.535,
    "acc_unfused": 0.468
  }
}